OBJECTID,GTFS_Stop_ID,Station_ID,Complex_ID,Division,Line,Stop_Name,Borough,Daytime_Routes,Structure,GTFS_Latitude,GTFS_Longitude,North_Direction_Label,South_Direction_Label,Fare_Evasion,Ridership,Evasion_Percentage
1,R01,1,1,BMT,Astoria,Astoria-Ditmars Blvd,Q,N W,Elevated,40.775036,-73.912034,Last Stop,Manhattan,,917384,
2,R03,2,2,BMT,Astoria,Astoria Blvd,Q,N W,Elevated,40.770258,-73.917843,Astoria,Manhattan,,656498,
3,R04,3,3,BMT,Astoria,30 Av,Q,N W,Elevated,40.766779,-73.921479,Astoria,Manhattan,1,853472,0.000117168
4,R05,4,4,BMT,Astoria,Broadway,Q,N W,Elevated,40.76182,-73.925508,Astoria,Manhattan,,774680,
5,R06,5,5,BMT,Astoria,36 Av,Q,N W,Elevated,40.756804,-73.929575,Astoria,Manhattan,,423787,
6,R08,6,6,BMT,Astoria,39 Av-Dutch Kills,Q,N W,Elevated,40.752882,-73.932755,Astoria,Manhattan,1,266276,0.00037555
7,R11,7,613,BMT,Astoria,Lexington Av/59 St,M,N R W,Subway,40.76266,-73.967258,Queens,Downtown,19,3150508,0.000603077
8,R13,8,8,BMT,Astoria,5 Av/59 St,M,N R W,Subway,40.764811,-73.973347,Queens,Downtown,2,1097313,0.000182263
9,R14,9,9,BMT,Broadway - Brighton,57 St-7 Av,M,N Q R W,Subway,40.764664,-73.980658,Uptown,Downtown,12,2336813,0.00051352
10,R15,10,10,BMT,Broadway - Brighton,49 St,M,N R W,Subway,40.759901,-73.984139,Uptown,Downtown,5,2083189,0.000240017
11,R16,11,611,BMT,Broadway - Brighton,Times Sq-42 St,M,N Q R W,Subway,40.754672,-73.986754,Uptown,Downtown,40,12334083,0.000324305
12,R17,12,607,BMT,Broadway - Brighton,34 St-Herald Sq,M,N Q R W,Subway,40.749567,-73.98795,Uptown,Downtown,,6953601,
13,R18,13,13,BMT,Broadway - Brighton,28 St,M,R W,Subway,40.745494,-73.988691,Uptown,Downtown,4,880059,0.000454515
14,R19,14,14,BMT,Broadway - Brighton,23 St,M,R W,Subway,40.741303,-73.989344,Uptown,Downtown,23,1313209,0.001751435
15,R20,15,602,BMT,Broadway - Brighton,14 St-Union Sq,M,N Q R W,Subway,40.735736,-73.990568,Uptown,Downtown,91,6509076,0.001398048
16,R21,16,16,BMT,Broadway - Brighton,8 St-NYU,M,R W,Subway,40.730328,-73.992629,Uptown,Downtown,2,1192464,0.00016772
17,R22,17,17,BMT,Broadway - Brighton,Prince St,M,R W,Subway,40.724329,-73.997702,Uptown,Downtown,3,1052509,0.000285033
18,R23,18,623,BMT,Broadway,Canal St,M,R W,Subway,40.719527,-74.001775,Uptown,Downtown,0,3195443,0
19,Q01,19,623,BMT,Manhattan Bridge,Canal St,M,N Q,Subway,40.718383,-74.00046,Uptown,Downtown,4,3195443,0.000125178
20,R24,20,20,BMT,Broadway,City Hall,M,R W,Subway,40.713282,-74.006978,Uptown,Downtown,1,304341,0.000328579
21,R25,21,624,BMT,Broadway,Cortlandt St,M,R W,Subway,40.710668,-74.011029,Uptown,Downtown,4,3630182,0.000110187
22,R26,22,22,BMT,Broadway,Rector St,M,R W,Subway,40.70722,-74.013342,Uptown,Downtown,,324435,
23,R27,23,635,BMT,Broadway,Whitehall St-South Ferry,M,R W,Subway,40.703087,-74.012994,Uptown,Downtown,1,1751432,5.71E-05
24,R28,24,620,BMT,Broadway,Court St,Bk,R,Subway,40.6941,-73.991777,Manhattan,Southbound,3,1620095,0.000185174
25,R29,25,636,BMT,Broadway,Jay St-MetroTech,Bk,R,Subway,40.69218,-73.985942,Manhattan,Southbound,2,2217263,9.02E-05
26,R30,26,26,BMT,Broadway - Brighton,DeKalb Av,Bk,B Q R,Subway,40.690635,-73.981824,Manhattan,Southbound,36,1441877,0.002496746
27,R31,27,617,BMT,4th Av,Atlantic Av-Barclays Ctr,Bk,D N R,Subway,40.683666,-73.97881,Manhattan,Southbound,10,2883126,0.000346846
28,R32,28,28,BMT,4th Av,Union St,Bk,R,Subway,40.677316,-73.98311,Manhattan,Southbound,15,546586,0.002744307
29,R33,29,608,BMT,4th Av,4 Av-9 St,Bk,R,Subway,40.670847,-73.988302,Manhattan,Southbound,15,811907,0.001847502
30,R34,30,30,BMT,4th Av,Prospect Av,Bk,R,Subway,40.665414,-73.992872,Manhattan,Southbound,9,370593,0.00242854
31,R35,31,31,BMT,4th Av,25 St,Bk,R,Subway,40.660397,-73.998091,Manhattan,Southbound,11,237586,0.004629903
32,R36,32,32,BMT,4th Av,36 St,Bk,D N R,Subway,40.655144,-74.003549,Manhattan,Southbound,16,1001298,0.001597926
33,R39,33,33,BMT,4th Av,45 St,Bk,R,Subway,40.648939,-74.010006,Manhattan,Southbound,3,535003,0.000560744
34,R40,34,34,BMT,4th Av,53 St,Bk,R,Subway,40.645069,-74.014034,Manhattan,Southbound,18,576570,0.003121911
35,R41,35,35,BMT,4th Av,59 St,Bk,N R,Subway,40.641362,-74.017881,Manhattan,Southbound,12,825135,0.001454307
36,R42,36,36,BMT,4th Av,Bay Ridge Av,Bk,R,Subway,40.634967,-74.023377,Manhattan,Bay Ridge,3,485456,0.000617976
37,R43,37,37,BMT,4th Av,77 St,Bk,R,Subway,40.629742,-74.02551,Manhattan,Bay Ridge,,346823,
38,R44,38,38,BMT,4th Av,86 St,Bk,R,Subway,40.622687,-74.028398,Manhattan,Bay Ridge,4,752118,0.000531831
39,R45,39,39,BMT,4th Av,Bay Ridge-95 St,Bk,R,Subway,40.616622,-74.030876,Manhattan,Last Stop,1,325410,0.000307305
40,D24,40,617,BMT,Broadway - Brighton,Atlantic Av-Barclays Ctr,Bk,B Q,Subway,40.68446,-73.97689,Manhattan,Southbound,79,2883126,0.002740081
41,D25,41,41,BMT,Broadway - Brighton,7 Av,Bk,B Q,Subway,40.67705,-73.972367,Manhattan,Southbound,5,607626,0.000822875
42,D26,42,42,BMT,Broadway - Brighton,Prospect Park,Bk,B Q S,Open Cut,40.661614,-73.962246,Northbound,Southbound,126,663968,0.018976819
43,D27,43,43,BMT,Broadway - Brighton,Parkside Av,Bk,Q,Open Cut,40.655292,-73.961495,Manhattan,Southbound,6,330501,0.001815426
44,D28,44,44,BMT,Broadway - Brighton,Church Av,Bk,B Q,Open Cut,40.650527,-73.962982,Manhattan,Southbound,54,821817,0.006570806
45,D29,45,45,BMT,Broadway - Brighton,Beverley Rd,Bk,Q,Open Cut,40.644031,-73.964492,Manhattan,Southbound,3,210583,0.001424616
46,D30,46,46,BMT,Broadway - Brighton,Cortelyou Rd,Bk,Q,Open Cut,40.640927,-73.963891,Manhattan,Southbound,3,346816,0.000865012
47,D31,47,47,BMT,Broadway - Brighton,Newkirk Plaza,Bk,B Q,Open Cut,40.635082,-73.962793,Manhattan,Southbound,7,562171,0.001245173
48,D32,48,48,BMT,Broadway - Brighton,Avenue H,Bk,Q,Open Cut,40.62927,-73.961639,Manhattan,Southbound,2,182337,0.00109687
49,D33,49,49,BMT,Broadway - Brighton,Avenue J,Bk,Q,Open Cut,40.625039,-73.960803,Manhattan,Southbound,17,298112,0.005702555
50,D34,50,50,BMT,Broadway - Brighton,Avenue M,Bk,Q,Open Cut,40.617618,-73.959399,Manhattan,Southbound,,319516,
51,D35,51,51,BMT,Broadway - Brighton,Kings Hwy,Bk,B Q,Open Cut,40.60867,-73.957734,Manhattan,Southbound,57,1091924,0.005220144
52,D37,52,52,BMT,Broadway - Brighton,Avenue U,Bk,Q,Open Cut,40.5993,-73.955929,Manhattan,Southbound,14,380380,0.00368053
53,D38,53,53,BMT,Broadway - Brighton,Neck Rd,Bk,Q,Open Cut,40.595246,-73.955161,Manhattan,Southbound,4,251733,0.001588985
54,D39,54,54,BMT,Broadway - Brighton,Sheepshead Bay,Bk,B Q,Open Cut,40.586896,-73.954155,Manhattan,Southbound,9,684378,0.001315063
55,D40,55,55,BMT,Broadway - Brighton,Brighton Beach,Bk,B Q,Elevated,40.577621,-73.961376,Manhattan,Southbound,36,621031,0.005796812
56,D41,56,56,BMT,Broadway - Brighton,Ocean Pkwy,Bk,Q,Elevated,40.576312,-73.968501,Manhattan,Coney Island,11,160900,0.006836544
57,D42,57,57,BMT,Broadway - Brighton,W 8 St-NY Aquarium,Bk,F Q,Elevated,40.576127,-73.975939,Manhattan,Coney Island,3,133407,0.002248758
58,D43,58,58,BMT,Sea Beach / West End / Culver / Brighton,Coney Island-Stillwell Av,Bk,D F N Q,Viaduct,40.577422,-73.981233,Manhattan,Last Stop,175,778238,0.022486694
59,B12,59,59,BMT,West End,9 Av,Bk,D,Open Cut,40.646292,-73.994324,Manhattan,Southbound,6,367774,0.001631437
60,B13,60,60,BMT,West End,Fort Hamilton Pkwy,Bk,D,Elevated,40.640914,-73.994304,Manhattan,Southbound,33,261520,0.012618538
61,B14,61,61,BMT,West End,50 St,Bk,D,Elevated,40.63626,-73.994791,Manhattan,Southbound,,196928,
62,B15,62,62,BMT,West End,55 St,Bk,D,Elevated,40.631435,-73.995476,Manhattan,Southbound,,107426,
63,B16,63,615,BMT,West End,62 St,Bk,D,Elevated,40.626472,-73.996895,Manhattan,Southbound,5,293212,0.001705251
64,B17,64,64,BMT,West End,71 St,Bk,D,Elevated,40.619589,-73.998864,Manhattan,Southbound,1,301793,0.000331353
65,B18,65,65,BMT,West End,79 St,Bk,D,Elevated,40.613501,-74.00061,Manhattan,Southbound,8,386597,0.002069338
66,B19,66,66,BMT,West End,18 Av,Bk,D,Elevated,40.607954,-74.001736,Manhattan,Southbound,25,359953,0.006945351
67,B20,67,67,BMT,West End,20 Av,Bk,D,Elevated,40.604556,-73.998168,Manhattan,Southbound,2,298537,0.000669934
68,B21,68,68,BMT,West End,Bay Pkwy,Bk,D,Elevated,40.601875,-73.993728,Manhattan,Southbound,33,438243,0.007530069
69,B22,69,69,BMT,West End,25 Av,Bk,D,Elevated,40.597704,-73.986829,Manhattan,Coney Island,1,243202,0.000411181
70,B23,70,70,BMT,West End,Bay 50 St,Bk,D,Elevated,40.588841,-73.983765,Manhattan,Coney Island,13,170334,0.007632064
71,N02,71,71,BMT,Sea Beach,8 Av,Bk,N,Open Cut,40.635064,-74.011719,Manhattan,Coney Island,34,718048,0.00473506
72,N03,72,72,BMT,Sea Beach,Fort Hamilton Pkwy,Bk,N,Open Cut,40.631386,-74.005351,Manhattan,Coney Island,,400640,
73,N04,73,615,BMT,Sea Beach,New Utrecht Av,Bk,N,Open Cut,40.624842,-73.996353,Manhattan,Coney Island,4,293212,0.001364201
74,N05,74,74,BMT,Sea Beach,18 Av,Bk,N,Open Cut,40.620671,-73.990414,Manhattan,Coney Island,1,308293,0.000324367
75,N06,75,75,BMT,Sea Beach,20 Av,Bk,N,Open Cut,40.61741,-73.985026,Manhattan,Coney Island,13,260082,0.004998424
76,N07,76,76,BMT,Sea Beach,Bay Pkwy,Bk,N,Open Cut,40.611815,-73.981848,Manhattan,Coney Island,21,414148,0.005070651
77,N08,77,77,BMT,Sea Beach,Kings Hwy,Bk,N,Open Cut,40.603923,-73.980353,Manhattan,Coney Island,5,342209,0.001461095
78,N09,78,78,BMT,Sea Beach,Avenue U,Bk,N,Open Cut,40.597473,-73.979137,Manhattan,Coney Island,,242054,
79,N10,79,79,BMT,Sea Beach,86 St,Bk,N,Open Cut,40.592721,-73.97823,Manhattan,Coney Island,1,143661,0.000696083
80,J12,80,80,BMT,Jamaica,121 St,Q,J Z,Elevated,40.700492,-73.828294,Jamaica,Manhattan,,137941,
81,J13,81,81,BMT,Jamaica,111 St,Q,J,Elevated,40.697418,-73.836345,Jamaica,Manhattan,,141032,
82,J14,82,82,BMT,Jamaica,104 St,Q,J Z,Elevated,40.695178,-73.84433,Jamaica,Manhattan,1,159495,0.000626979
83,J15,83,83,BMT,Jamaica,Woodhaven Blvd,Q,J Z,Elevated,40.693879,-73.851576,Jamaica,Manhattan,,291021,
84,J16,84,84,BMT,Jamaica,85 St-Forest Pkwy,Q,J,Elevated,40.692435,-73.86001,Jamaica,Manhattan,,201308,
85,J17,85,85,BMT,Jamaica,75 St-Elderts Ln,Q,J Z,Elevated,40.691324,-73.867139,Jamaica,Manhattan,,194927,
86,J19,86,86,BMT,Jamaica,Cypress Hills,Bk,J,Elevated,40.689941,-73.87255,Queens,Manhattan,,67910,
87,J20,87,87,BMT,Jamaica,Crescent St,Bk,J Z,Elevated,40.683194,-73.873785,Outbound,Manhattan,,254928,
88,J21,88,88,BMT,Jamaica,Norwood Av,Bk,J Z,Elevated,40.68141,-73.880039,Outbound,Manhattan,,164208,
89,J22,89,89,BMT,Jamaica,Cleveland St,Bk,J,Elevated,40.679947,-73.884639,Outbound,Manhattan,,136604,
90,J23,90,90,BMT,Jamaica,Van Siclen Av,Bk,J Z,Elevated,40.678024,-73.891688,Outbound,Manhattan,1,184405,0.000542285
91,J24,91,91,BMT,Jamaica,Alabama Av,Bk,J Z,Elevated,40.676992,-73.898654,Outbound,Manhattan,,127372,
92,J27,92,621,BMT,Jamaica,Broadway Junction,Bk,J Z,Elevated,40.679498,-73.904512,Outbound,Manhattan,3,537196,0.000558455
93,J28,93,93,BMT,Jamaica,Chauncey St,Bk,J Z,Elevated,40.682893,-73.910456,Outbound,Manhattan,2,187059,0.001069181
94,J29,94,94,BMT,Jamaica,Halsey St,Bk,J,Elevated,40.68637,-73.916559,Outbound,Manhattan,5,391890,0.001275868
95,J30,95,95,BMT,Jamaica,Gates Av,Bk,J Z,Elevated,40.68963,-73.92227,Outbound,Manhattan,4,429355,0.00093163
96,J31,96,96,BMT,Jamaica,Kosciuszko St,Bk,J,Elevated,40.693342,-73.928814,Outbound,Manhattan,6,376586,0.001593262
97,M11,97,97,BMT,Jamaica,Myrtle Av,Bk,M J Z,Elevated,40.697207,-73.935657,Outbound,Manhattan,36,754203,0.004773251
98,M12,98,98,BMT,Jamaica,Flushing Av,Bk,M J,Elevated,40.70026,-73.941126,Outbound,Manhattan,12,518623,0.002313819
99,M13,99,99,BMT,Jamaica,Lorimer St,Bk,M J,Elevated,40.703869,-73.947408,Outbound,Manhattan,2,277935,0.000719593
100,M14,100,100,BMT,Jamaica,Hewes St,Bk,M J,Elevated,40.70687,-73.953431,Outbound,Manhattan,21,168708,0.012447543
101,M16,101,101,BMT,Jamaica,Marcy Av,Bk,M J Z,Elevated,40.708359,-73.957757,Outbound,Manhattan,16,775623,0.002062858
102,M18,102,625,BMT,Jamaica,Delancey St-Essex St,M,M J Z,Subway,40.718315,-73.987437,Brooklyn,Inbound,32,2037616,0.001570463
103,M19,103,103,BMT,Jamaica,Bowery,M,J Z,Subway,40.72028,-73.993915,Brooklyn,Downtown,10,276761,0.003613226
104,M20,104,623,BMT,Jamaica,Canal St,M,J Z,Subway,40.718092,-73.999892,Brooklyn,Downtown,1,3195443,3.13E-05
105,M21,105,622,BMT,Jamaica,Chambers St,M,J Z,Subway,40.713243,-74.003401,Brooklyn,Downtown,,1590176,
106,M22,106,628,BMT,Jamaica,Fulton St,M,J Z,Subway,40.710374,-74.007582,Brooklyn,Downtown,17,5259603,0.000323218
107,M23,107,107,BMT,Jamaica,Broad St,M,J Z,Subway,40.706476,-74.011056,Brooklyn,Last Stop,2,369994,0.000540549
108,M01,108,108,BMT,Myrtle Av,Middle Village-Metropolitan Av,Q,M,Elevated,40.711396,-73.889601,Inbound,Last Stop,,230506,
109,M04,109,109,BMT,Myrtle Av,Fresh Pond Rd,Q,M,Elevated,40.706186,-73.895877,Inbound,Middle Village,,353250,
110,M05,110,110,BMT,Myrtle Av,Forest Av,Q,M,Elevated,40.704423,-73.903077,Inbound,Middle Village,,274605,
111,M06,111,111,BMT,Myrtle Av,Seneca Av,Q,M,Elevated,40.702762,-73.90774,Inbound,Middle Village,,178999,
112,M08,112,630,BMT,Myrtle Av,Myrtle-Wyckoff Avs,Bk,M,Elevated,40.69943,-73.912385,Inbound,Middle Village,8,1382387,0.000578709
113,M09,113,113,BMT,Myrtle Av,Knickerbocker Av,Bk,M,Elevated,40.698664,-73.919711,Inbound,Middle Village,,259521,
114,M10,114,114,BMT,Myrtle Av,Central Av,Bk,M,Elevated,40.697857,-73.927397,Inbound,Middle Village,,233074,
115,L01,115,618,BMT,Canarsie,8 Av,M,L,Subway,40.739777,-74.002578,Last Stop,Brooklyn,2,3122117,6.41E-05
116,L02,116,601,BMT,Canarsie,6 Av,M,L,Subway,40.737335,-73.996786,West Side,Brooklyn,7,3055458,0.000229098
117,L03,117,602,BMT,Canarsie,14 St-Union Sq,M,L,Subway,40.734789,-73.99073,West Side,Brooklyn,54,6509076,0.000829611
118,L05,118,118,BMT,Canarsie,3 Av,M,L,Subway,40.732849,-73.986122,West Side,Brooklyn,9,487320,0.001846836
119,L06,119,119,BMT,Canarsie,1 Av,M,L,Subway,40.730953,-73.981628,West Side,Brooklyn,226,1847559,0.012232357
120,L08,120,120,BMT,Canarsie,Bedford Av,Bk,L,Subway,40.717304,-73.956872,Manhattan,Outbound,167,2494000,0.006696071
121,L10,121,629,BMT,Canarsie,Lorimer St,Bk,L,Subway,40.714063,-73.950275,Manhattan,Outbound,72,1172628,0.006140055
122,L11,122,122,BMT,Canarsie,Graham Av,Bk,L,Subway,40.714565,-73.944053,Manhattan,Outbound,2,636451,0.000314243
123,L12,123,123,BMT,Canarsie,Grand St,Bk,L,Subway,40.711926,-73.94067,Manhattan,Outbound,18,415930,0.004327651
124,L13,124,124,BMT,Canarsie,Montrose Av,Bk,L,Subway,40.707739,-73.93985,Manhattan,Outbound,,459140,
125,L14,125,125,BMT,Canarsie,Morgan Av,Bk,L,Subway,40.706152,-73.933147,Manhattan,Outbound,62,533718,0.011616621
126,L15,126,126,BMT,Canarsie,Jefferson St,Bk,L,Subway,40.706607,-73.922913,Manhattan,Outbound,28,624963,0.004480265
127,L16,127,127,BMT,Canarsie,DeKalb Av,Bk,L,Subway,40.703811,-73.918425,Manhattan,Outbound,14,809903,0.001728602
128,L17,128,630,BMT,Canarsie,Myrtle-Wyckoff Avs,Bk,L,Subway,40.699814,-73.911586,Manhattan,Outbound,167,1382387,0.012080553
129,L19,129,129,BMT,Canarsie,Halsey St,Q,L,Subway,40.695602,-73.904084,Manhattan,Outbound,,535119,
130,L20,130,130,BMT,Canarsie,Wilson Av,Bk,L,Subway,40.688764,-73.904046,Manhattan,Outbound,14,287457,0.004870294
131,L21,131,131,BMT,Canarsie,Bushwick Av-Aberdeen St,Bk,L,Subway,40.682829,-73.905249,Manhattan,Outbound,3,147461,0.002034436
132,L22,132,621,BMT,Canarsie,Broadway Junction,Bk,L,Elevated,40.678856,-73.90324,Manhattan,Outbound,3,537196,0.000558455
133,L24,133,133,BMT,Canarsie,Atlantic Av,Bk,L,Elevated,40.675345,-73.903097,Manhattan,Canarsie,5,136945,0.003651101
134,L25,134,134,BMT,Canarsie,Sutter Av,Bk,L,Elevated,40.669367,-73.901975,Manhattan,Canarsie,2,137934,0.001449969
135,L26,135,135,BMT,Canarsie,Livonia Av,Bk,L,Elevated,40.664038,-73.900571,Manhattan,Canarsie,2,149131,0.001341103
136,L27,136,136,BMT,Canarsie,New Lots Av,Bk,L,Elevated,40.658733,-73.899232,Manhattan,Canarsie,7,177956,0.003933556
137,L28,137,137,BMT,Canarsie,East 105 St,Bk,L,At Grade,40.650573,-73.899485,Manhattan,Canarsie,3,146003,0.002054752
138,L29,138,138,BMT,Canarsie,Canarsie-Rockaway Pkwy,Bk,L,At Grade,40.646654,-73.90185,Manhattan,Last Stop,30,741328,0.004046792
139,S01,139,627,BMT,Franklin Shuttle,Franklin Av,Bk,S,Elevated,40.680596,-73.955827,Last Stop,Prospect Park,1,330495,0.000302576
140,S03,141,141,BMT,Franklin Shuttle,Park Pl,Bk,S,Open Cut,40.674772,-73.957624,Franklin Av,Prospect Park,3,102239,0.002934301
141,S04,142,626,BMT,Franklin Shuttle,Botanic Garden,Bk,S,Open Cut,40.670343,-73.959245,Franklin Av,Prospect Park,22,954138,0.002305746
142,A02,143,143,IND,8th Av - Fulton St,Inwood-207 St,M,A,Subway,40.868072,-73.919899,Last Stop,Downtown,14,486359,0.002878532
143,A03,144,144,IND,8th Av - Fulton St,Dyckman St,M,A,Subway,40.865491,-73.927271,Uptown,Downtown,12,380422,0.003154392
144,A05,145,145,IND,8th Av - Fulton St,190 St,M,A,Subway,40.859022,-73.93418,Uptown,Downtown,3,245669,0.001221155
145,A06,146,146,IND,8th Av - Fulton St,181 St,M,A,Subway,40.851695,-73.937969,Uptown,Downtown,2,575670,0.000347421
146,A07,147,147,IND,8th Av - Fulton St,175 St,M,A,Subway,40.847391,-73.939704,Uptown,Downtown,72,609031,0.011822058
147,A09,148,605,IND,8th Av - Fulton St,168 St,M,A C,Subway,40.840719,-73.939561,Uptown,Downtown,65,1331810,0.004880576
148,A10,149,149,IND,8th Av - Fulton St,163 St-Amsterdam Av,M,C,Subway,40.836013,-73.939892,Uptown,Downtown,17,246257,0.006903357
149,A11,150,150,IND,8th Av - Fulton St,155 St,M,C,Subway,40.830518,-73.941514,Uptown,Downtown,9,151035,0.005958884
150,A12,151,151,IND,8th Av - Fulton St,145 St,M,A C,Subway,40.824783,-73.944216,Uptown,Downtown,68,1362344,0.004991397
151,D13,151,151,IND,Concourse,145 St,M,B D,Subway,40.824783,-73.944216,Uptown,Downtown,67,1362344,0.004917994
152,A14,152,152,IND,8th Av - Fulton St,135 St,M,C B,Subway,40.817894,-73.947649,Uptown,Downtown,13,332842,0.003905757
153,A15,153,153,IND,8th Av - Fulton St,125 St,M,A C B D,Subway,40.811109,-73.952343,Uptown,Downtown,172,1561958,0.011011819
154,A16,154,154,IND,8th Av - Fulton St,116 St,M,C B,Subway,40.805085,-73.954882,Uptown,Downtown,7,387249,0.001807622
155,A17,155,155,IND,8th Av - Fulton St,Cathedral Pkwy (110 St),M,C B,Subway,40.800603,-73.958161,Uptown,Downtown,9,465881,0.001931824
156,A18,156,156,IND,8th Av - Fulton St,103 St,M,C B,Subway,40.796092,-73.961454,Uptown,Downtown,4,280159,0.001427761
157,A19,157,157,IND,8th Av - Fulton St,96 St,M,C B,Subway,40.791642,-73.964696,Uptown,Downtown,7,582978,0.001200731
158,A20,158,158,IND,8th Av - Fulton St,86 St,M,C B,Subway,40.785868,-73.968916,Uptown,Downtown,17,700376,0.002427268
159,A21,159,159,IND,8th Av - Fulton St,81 St-Museum of Natural History,M,C B,Subway,40.781433,-73.972143,Uptown,Downtown,2,875039,0.000228561
160,A22,160,160,IND,8th Av - Fulton St,72 St,M,C B,Subway,40.775594,-73.97641,Uptown,Downtown,3,690340,0.000434568
161,A24,161,614,IND,8th Av - Fulton St,59 St-Columbus Circle,M,A C B D,Subway,40.768296,-73.981736,Uptown,Downtown,251,4642895,0.00540611
162,A25,162,162,IND,8th Av - Fulton St,50 St,M,C E,Subway,40.762456,-73.985984,Uptown,Downtown,40,1543515,0.002591488
163,A27,163,611,IND,8th Av - Fulton St,42 St-Port Authority Bus Terminal,M,A C E,Subway,40.757308,-73.989735,Uptown,Downtown,1120,12334083,0.009080529
164,A28,164,164,IND,8th Av - Fulton St,34 St-Penn Station,M,A C E,Subway,40.752287,-73.993391,Uptown,Downtown,126,5374304,0.00234449
165,A30,165,165,IND,8th Av - Fulton St,23 St,M,C E,Subway,40.745906,-73.998041,Uptown,Downtown,4,1314114,0.000304388
166,A31,166,618,IND,8th Av - Fulton St,14 St,M,A C E,Subway,40.740893,-74.00169,Uptown,Downtown,134,3122117,0.00429196
167,A32,167,167,IND,8th Av - Fulton St,W 4 St-Wash Sq,M,A C E,Subway,40.732338,-74.000495,Uptown,Downtown,45,3175371,0.001417157
168,D20,167,167,IND,6th Av - Culver,W 4 St-Wash Sq,M,B D F M,Subway,40.732338,-74.000495,Uptown,Downtown,44,3175371,0.001385665
169,A33,168,168,IND,8th Av - Fulton St,Spring St,M,C E,Subway,40.726227,-74.003739,Uptown,Downtown,9,1012223,0.000889132
170,A34,169,169,IND,8th Av - Fulton St,Canal St,M,A C E,Subway,40.720824,-74.005229,Uptown,Downtown,18,1111750,0.001619069
171,A36,170,624,IND,8th Av - Fulton St,Chambers St,M,A C,Subway,40.714111,-74.008585,Uptown,Brooklyn,59,3630182,0.001625263
172,E01,171,624,IND,8th Av - Fulton St,World Trade Center,M,E,Subway,40.712582,-74.009781,Uptown,Last Stop,,3630182,
173,A38,172,628,IND,8th Av - Fulton St,Fulton St,M,A C,Subway,40.710197,-74.007691,Uptown,Brooklyn,334,5259603,0.006350289
174,A40,173,173,IND,8th Av - Fulton St,High St,Bk,A C,Subway,40.699337,-73.990531,Manhattan,Outbound,11,746466,0.00147361
175,A41,174,636,IND,8th Av - Fulton St,Jay St-MetroTech,Bk,A C F,Subway,40.692338,-73.987342,Manhattan,Outbound,94,2217263,0.004239461
176,A42,175,175,IND,8th Av - Fulton St,Hoyt-Schermerhorn Sts,Bk,A C G,Subway,40.688484,-73.985001,Westbound,Queens,35,812898,0.004305583
177,A43,176,176,IND,8th Av - Fulton St,Lafayette Av,Bk,C,Subway,40.686113,-73.973946,Manhattan,Outbound,7,350529,0.001996982
178,A44,177,177,IND,8th Av - Fulton St,Clinton-Washington Avs,Bk,C,Subway,40.683263,-73.965838,Manhattan,Outbound,22,495673,0.00443841
179,A45,178,627,IND,8th Av - Fulton St,Franklin Av,Bk,C,Subway,40.68138,-73.956848,Manhattan,Outbound,15,330495,0.004538646
180,A46,179,179,IND,8th Av - Fulton St,Nostrand Av,Bk,A C,Subway,40.680438,-73.950426,Manhattan,Outbound,160,1087249,0.01471604
181,A47,180,180,IND,8th Av - Fulton St,Kingston-Throop Avs,Bk,C,Subway,40.679921,-73.940858,Manhattan,Outbound,26,424742,0.006121363
182,A48,181,181,IND,8th Av - Fulton St,Utica Av,Bk,A C,Subway,40.679364,-73.930729,Manhattan,Outbound,70,895962,0.007812832
183,A49,182,182,IND,8th Av - Fulton St,Ralph Av,Bk,C,Subway,40.678822,-73.920786,Manhattan,Outbound,55,330066,0.016663333
184,A50,183,183,IND,8th Av - Fulton St,Rockaway Av,Bk,C,Subway,40.67834,-73.911946,Manhattan,Outbound,9,309842,0.002904706
185,A51,184,621,IND,8th Av - Fulton St,Broadway Junction,Bk,A C,Subway,40.678334,-73.905316,Manhattan,Outbound,39,537196,0.00725992
186,A52,185,185,IND,8th Av - Fulton St,Liberty Av,Bk,C,Subway,40.674542,-73.896548,Manhattan,Outbound,8,148152,0.00539986
187,A53,186,186,IND,8th Av - Fulton St,Van Siclen Av,Bk,C,Subway,40.67271,-73.890358,Manhattan,Outbound,21,179273,0.011713978
188,A54,187,187,IND,8th Av - Fulton St,Shepherd Av,Bk,C,Subway,40.67413,-73.88075,Manhattan,Outbound,6,147306,0.004073154
189,A55,188,188,IND,8th Av - Fulton St,Euclid Av,Bk,A C,Subway,40.675377,-73.872106,Manhattan,Queens,2,538041,0.000371719
190,A57,189,189,IND,Liberty Av,Grant Av,Bk,A,Subway,40.677044,-73.86505,Manhattan,Queens,29,293810,0.009870324
191,A59,190,190,IND,Liberty Av,80 St,Q,A,Elevated,40.679371,-73.858992,Manhattan,Outbound,,244524,
192,A60,191,191,IND,Liberty Av,88 St,Q,A,Elevated,40.679843,-73.85147,Manhattan,Outbound,,159994,
193,A61,192,192,IND,Liberty Av,Rockaway Blvd,Q,A,Elevated,40.680429,-73.843853,Manhattan,Outbound,,408274,
194,A63,193,193,IND,Liberty Av,104 St,Q,A,Elevated,40.681711,-73.837683,Manhattan,Ozone Park,2,97149,0.002058693
195,A64,194,194,IND,Liberty Av,111 St,Q,A,Elevated,40.684331,-73.832163,Manhattan,Ozone Park,,112502,
196,A65,195,195,IND,Liberty Av,Ozone Park-Lefferts Blvd,Q,A,Elevated,40.685951,-73.825798,Manhattan,Last Stop,,348787,
197,H01,196,196,IND,Rockaway,Aqueduct Racetrack,Q,A,At Grade,40.672097,-73.835919,Manhattan,Rockaways,,38098,
198,H02,197,197,IND,Rockaway,Aqueduct-N Conduit Av,Q,A,At Grade,40.668234,-73.834058,Manhattan,Rockaways,,48626,
199,H03,198,198,IND,Rockaway,Howard Beach-JFK Airport,Q,A,At Grade,40.660476,-73.830301,Manhattan,Rockaways,,269135,
200,H04,199,199,IND,Rockaway,Broad Channel,Q,A S,At Grade,40.608382,-73.815925,Inbound,Rockaways,,15347,
201,H12,200,200,IND,Rockaway,Beach 90 St,Q,A S,Viaduct,40.588034,-73.813641,Inbound,Rockaway Park,,33363,
202,H13,201,201,IND,Rockaway,Beach 98 St,Q,A S,Viaduct,40.585307,-73.820558,Inbound,Rockaway Park,,19322,
203,H14,202,202,IND,Rockaway,Beach 105 St,Q,A S,Viaduct,40.583209,-73.827559,Inbound,Rockaway Park,,12544,
204,H15,203,203,IND,Rockaway,Rockaway Park-Beach 116 St,Q,A S,At Grade,40.580903,-73.835592,Inbound,Last Stop,,40819,
205,H06,204,204,IND,Rockaway,Beach 67 St,Q,A,Viaduct,40.590927,-73.796924,Manhattan,Far Rockaway,,112487,
206,H07,205,205,IND,Rockaway,Beach 60 St,Q,A,Viaduct,40.592374,-73.788522,Manhattan,Far Rockaway,,86875,
207,H08,206,206,IND,Rockaway,Beach 44 St,Q,A,Viaduct,40.592943,-73.776013,Manhattan,Far Rockaway,,37310,
208,H09,207,207,IND,Rockaway,Beach 36 St,Q,A,Viaduct,40.595398,-73.768175,Manhattan,Far Rockaway,,40029,
209,H10,208,208,IND,Rockaway,Beach 25 St,Q,A,Viaduct,40.600066,-73.761353,Manhattan,Far Rockaway,,78122,
210,H11,209,209,IND,Rockaway,Far Rockaway-Mott Av,Q,A,Viaduct,40.603995,-73.755405,Manhattan,Last Stop,,291087,
211,D01,210,210,IND,Concourse,Norwood-205 St,Bx,D,Subway,40.874811,-73.878855,Last Stop,Manhattan,14,347225,0.004031968
212,D03,211,211,IND,Concourse,Bedford Park Blvd,Bx,B D,Subway,40.873244,-73.887138,Northbound,Manhattan,54,326372,0.016545538
213,D04,212,212,IND,Concourse,Kingsbridge Rd,Bx,B D,Subway,40.866978,-73.893509,Northbound,Manhattan,171,340319,0.050246973
214,D05,213,213,IND,Concourse,Fordham Rd,Bx,B D,Subway,40.861296,-73.897749,Northbound,Manhattan,291,489021,0.059506647
215,D06,214,214,IND,Concourse,182-183 Sts,Bx,B D,Subway,40.856093,-73.900741,Northbound,Manhattan,18,240520,0.007483785
216,D07,215,215,IND,Concourse,Tremont Av,Bx,B D,Subway,40.85041,-73.905227,Northbound,Manhattan,269,434545,0.061903831
217,D08,216,216,IND,Concourse,174-175 Sts,Bx,B D,Subway,40.8459,-73.910136,Northbound,Manhattan,20,231867,0.008625635
218,D09,217,217,IND,Concourse,170 St,Bx,B D,Subway,40.839306,-73.9134,Northbound,Manhattan,118,309860,0.038081713
219,D10,218,218,IND,Concourse,167 St,Bx,B D,Subway,40.833771,-73.91844,Northbound,Manhattan,33,446879,0.007384549
220,D11,219,604,IND,Concourse,161 St-Yankee Stadium,Bx,B D,Subway,40.827905,-73.925651,Northbound,Manhattan,220,1212888,0.018138526
221,D12,220,220,IND,Concourse,155 St,M,B D,Subway,40.830135,-73.938209,The Bronx,Downtown,66,157777,0.041831192
222,B04,221,221,IND,63rd St,21 St-Queensbridge,Q,M,Subway,40.754203,-73.942836,Outbound,Manhattan,13,768078,0.001692536
223,B06,222,222,IND,63rd St,Roosevelt Island,M,M,Subway,40.759145,-73.95326,Queens,Downtown,,568103,
224,B08,223,223,IND,63rd St,Lexington Av/63 St,M,M Q,Subway,40.764629,-73.966113,Uptown & Queens,Downtown,3,1171005,0.00025619
225,B10,224,224,IND,6th Av - Culver,57 St,M,M,Subway,40.763972,-73.97745,Uptown,Downtown,19,1016490,0.001869177
226,D15,225,225,IND,6th Av - Culver,47-50 Sts-Rockefeller Ctr,M,B D F M,Subway,40.758663,-73.981329,Uptown,Downtown,154,3881144,0.003967902
227,D16,226,609,IND,6th Av - Culver,42 St-Bryant Pk,M,B D F M,Subway,40.754222,-73.984569,Uptown,Downtown,154,3647401,0.004222184
228,D17,227,607,IND,6th Av - Culver,34 St-Herald Sq,M,B D F M,Subway,40.749719,-73.987823,Uptown,Downtown,153,6953601,0.002200299
229,D18,228,228,IND,6th Av - Culver,23 St,M,F M,Subway,40.742878,-73.992821,Uptown,Downtown,15,1708811,0.000877803
230,D19,229,601,IND,6th Av - Culver,14 St,M,F M,Subway,40.738228,-73.996209,Uptown,Downtown,21,3055458,0.000687295
231,D21,230,619,IND,6th Av - Culver,Broadway-Lafayette St,M,B D F M,Subway,40.725297,-73.996204,Uptown,Downtown,32,2838001,0.001127554
232,D22,231,231,IND,6th Av - Culver,Grand St,M,B D,Subway,40.718267,-73.993753,Uptown,Brooklyn,34,1546395,0.002198662
233,F14,232,232,IND,6th Av - Culver,2 Av,M,F,Subway,40.723402,-73.989938,Uptown,Downtown,148,1248036,0.011858632
234,F15,233,625,IND,6th Av - Culver,Delancey St-Essex St,M,F,Subway,40.718611,-73.988114,Uptown,Brooklyn,98,2037616,0.004809542
235,F16,234,234,IND,6th Av - Culver,East Broadway,M,F,Subway,40.713715,-73.990173,Uptown,Brooklyn,55,978357,0.00562167
236,F18,235,235,IND,6th Av - Culver,York St,Bk,F,Subway,40.701397,-73.986751,Manhattan,Southbound,27,1014871,0.002660437
237,F20,236,236,IND,6th Av - Culver,Bergen St,Bk,F G,Subway,40.686145,-73.990862,Northbound,Southbound,18,799432,0.002251599
238,F21,237,237,IND,6th Av - Culver,Carroll St,Bk,F G,Subway,40.680303,-73.995048,Northbound,Southbound,12,801315,0.001497538
239,F22,238,238,IND,6th Av - Culver,Smith-9 Sts,Bk,F G,Viaduct,40.67358,-73.995959,Northbound,Southbound,7,281767,0.002484322
240,F23,239,608,IND,6th Av - Culver,4 Av-9 St,Bk,F G,Viaduct,40.670272,-73.989779,Northbound,Southbound,20,811907,0.002463336
241,F24,240,240,IND,6th Av - Culver,7 Av,Bk,F G,Subway,40.666271,-73.980305,Northbound,Southbound,20,766210,0.00261025
242,F25,241,241,IND,6th Av - Culver,15 St-Prospect Park,Bk,F G,Subway,40.660365,-73.979493,Northbound,Southbound,1,382501,0.000261437
243,F26,242,242,IND,6th Av - Culver,Fort Hamilton Pkwy,Bk,F G,Subway,40.650782,-73.975776,Northbound,Southbound,1,363416,0.000275167
244,F27,243,243,IND,6th Av - Culver,Church Av,Bk,F G,Subway,40.644041,-73.979678,Northbound,Southbound,7,573673,0.001220207
245,F29,244,244,IND,6th Av - Culver,Ditmas Av,Bk,F,Elevated,40.636119,-73.978172,Manhattan,Southbound,4,211756,0.001888967
246,F30,245,245,IND,6th Av - Culver,18 Av,Bk,F,Elevated,40.629755,-73.976971,Manhattan,Southbound,,194474,
247,F31,246,246,IND,6th Av - Culver,Avenue I,Bk,F,Elevated,40.625322,-73.976127,Manhattan,Southbound,1,87886,0.001137838
248,F32,247,247,IND,6th Av - Culver,Bay Pkwy,Bk,F,Elevated,40.620769,-73.975264,Manhattan,Southbound,,63672,
249,F33,248,248,IND,6th Av - Culver,Avenue N,Bk,F,Elevated,40.61514,-73.974197,Manhattan,Southbound,,153220,
250,F34,249,249,IND,6th Av - Culver,Avenue P,Bk,F,Elevated,40.608944,-73.973022,Manhattan,Southbound,5,149622,0.003341755
251,F35,250,250,IND,6th Av - Culver,Kings Hwy,Bk,F,Elevated,40.603217,-73.972361,Manhattan,Southbound,10,155813,0.00641795
252,F36,251,251,IND,6th Av - Culver,Avenue U,Bk,F,Elevated,40.596063,-73.973357,Manhattan,Coney Island,2,117256,0.00170567
253,F38,252,252,IND,6th Av - Culver,Avenue X,Bk,F,Elevated,40.58962,-73.97425,Manhattan,Coney Island,,142039,
254,F39,253,253,IND,6th Av - Culver,Neptune Av,Bk,F,Elevated,40.581011,-73.974574,Manhattan,Coney Island,,86421,
255,F01,254,254,IND,Queens Blvd,Jamaica-179 St,Q,F,Subway,40.712646,-73.783817,Last Stop,Manhattan,49,1020594,0.004801126
256,F02,255,255,IND,Queens Blvd,169 St,Q,F,Subway,40.71047,-73.793604,Jamaica,Manhattan,148,448751,0.032980427
257,F03,256,256,IND,Queens Blvd,Parsons Blvd,Q,F,Subway,40.707564,-73.803326,Jamaica,Manhattan,,410353,
258,F04,257,257,IND,Queens Blvd,Sutphin Blvd,Q,F,Subway,40.70546,-73.810708,Jamaica,Manhattan,,253046,
259,F05,258,258,IND,Queens Blvd,Briarwood,Q,E F,Subway,40.709179,-73.820574,Jamaica,Manhattan,,306902,
260,F06,259,259,IND,Queens Blvd,Kew Gardens-Union Tpke,Q,E F,Subway,40.714441,-73.831008,Jamaica,Manhattan,,1312466,
261,F07,260,260,IND,Queens Blvd,75 Av,Q,E F,Subway,40.718331,-73.837324,Jamaica,Manhattan,,196961,
262,G08,261,261,IND,Queens Blvd,Forest Hills-71 Av,Q,E F M R,Subway,40.721691,-73.844521,Outbound,Manhattan,,1632120,
263,G09,262,262,IND,Queens Blvd,67 Av,Q,M R,Subway,40.726523,-73.852719,Outbound,Manhattan,,478485,
264,G10,263,263,IND,Queens Blvd,63 Dr-Rego Park,Q,M R,Subway,40.729846,-73.861604,Outbound,Manhattan,,818302,
265,G11,264,264,IND,Queens Blvd,Woodhaven Blvd,Q,M R,Subway,40.733106,-73.869229,Outbound,Manhattan,,1162481,
266,G12,265,265,IND,Queens Blvd,Grand Av-Newtown,Q,M R,Subway,40.737015,-73.877223,Outbound,Manhattan,,1136050,
267,G13,266,266,IND,Queens Blvd,Elmhurst Av,Q,M R,Subway,40.742454,-73.882017,Outbound,Manhattan,,814183,
268,G14,267,616,IND,Queens Blvd,Jackson Hts-Roosevelt Av,Q,E F M R,Subway,40.746644,-73.891338,Outbound,Manhattan,,3758544,
269,G15,268,268,IND,Queens Blvd,65 St,Q,M R,Subway,40.749669,-73.898453,Outbound,Manhattan,,234623,
270,G16,269,269,IND,Queens Blvd,Northern Blvd,Q,M R,Subway,40.752885,-73.906006,Outbound,Manhattan,,381249,
271,G18,270,270,IND,Queens Blvd,46 St,Q,M R,Subway,40.756312,-73.913333,Outbound,Manhattan,,513366,
272,G19,271,271,IND,Queens Blvd,Steinway St,Q,M R,Subway,40.756879,-73.92074,Outbound,Manhattan,,747555,
273,G20,272,272,IND,Queens Blvd,36 St,Q,M R,Subway,40.752039,-73.928781,Outbound,Manhattan,,230632,
274,G21,273,273,IND,Queens Blvd,Queens Plaza,Q,E F R,Subway,40.748973,-73.937243,Outbound,Manhattan,,1087321,
275,F09,274,606,IND,Queens Blvd,Court Sq-23 St,Q,E F,Subway,40.747846,-73.946,Outbound,Manhattan,,1651587,
276,F11,275,612,IND,Queens Blvd,Lexington Av/53 St,M,E F,Subway,40.757552,-73.969055,Queens,Downtown,29,3503109,0.000827836
277,F12,276,276,IND,Queens Blvd,5 Av/53 St,M,E F,Subway,40.760167,-73.975224,Queens,Downtown,13,1140242,0.001140109
278,D14,277,277,IND,Queens Blvd,7 Av,M,E B D,Subway,40.762862,-73.981637,Outbound,Downtown,6,1176891,0.000509818
279,G05,278,278,IND,Queens - Archer,Jamaica Center-Parsons/Archer,Q,E J Z,Subway,40.702147,-73.801109,Last Stop,Manhattan,,1692612,
280,G06,279,279,IND,Queens - Archer,Sutphin Blvd-Archer Av-JFK Airport,Q,E J Z,Subway,40.700486,-73.807969,Jamaica,Manhattan,,1927782,
281,G07,280,280,IND,Queens - Archer,Jamaica-Van Wyck,Q,E,Subway,40.702566,-73.816859,Jamaica,Manhattan,,281255,
282,G22,281,606,IND,Crosstown,Court Sq,Q,G,Subway,40.746554,-73.943832,Last Stop,Brooklyn,,1651587,
283,G24,282,282,IND,Crosstown,21 St,Q,G,Subway,40.744065,-73.949724,Court Square,Brooklyn,,120564,
284,G26,283,283,IND,Crosstown,Greenpoint Av,Bk,G,Subway,40.731352,-73.954449,Queens,Southbound,3,700387,0.000428335
285,G28,284,284,IND,Crosstown,Nassau Av,Bk,G,Subway,40.724635,-73.951277,Queens,Southbound,16,657007,0.002435286
286,G29,285,629,IND,Crosstown,Metropolitan Av,Bk,G,Subway,40.712792,-73.951418,Queens,Southbound,16,1172628,0.001364457
287,G30,286,286,IND,Crosstown,Broadway,Bk,G,Subway,40.706092,-73.950308,Queens,Southbound,,288553,
288,G31,287,287,IND,Crosstown,Flushing Av,Bk,G,Subway,40.700377,-73.950234,Queens,Southbound,6,183998,0.003260905
289,G32,288,288,IND,Crosstown,Myrtle-Willoughby Avs,Bk,G,Subway,40.694568,-73.949046,Queens,Southbound,2,304284,0.000657281
290,G33,289,289,IND,Crosstown,Bedford-Nostrand Avs,Bk,G,Subway,40.689627,-73.953522,Queens,Southbound,29,547421,0.005297568
291,G34,290,290,IND,Crosstown,Classon Av,Bk,G,Subway,40.688873,-73.96007,Queens,Southbound,14,351755,0.003980043
292,G35,291,291,IND,Crosstown,Clinton-Washington Avs,Bk,G,Subway,40.688089,-73.966839,Queens,Southbound,7,386451,0.001811355
293,G36,292,292,IND,Crosstown,Fulton St,Bk,G,Subway,40.687119,-73.975375,Queens,Southbound,21,430077,0.004882846
294,101,293,293,IRT,Broadway - 7Av,Van Cortlandt Park-242 St,Bx,1,Elevated,40.889248,-73.898583,Last Stop,Manhattan,4,327117,0.001222804
295,103,294,294,IRT,Broadway - 7Av,238 St,Bx,1,Elevated,40.884667,-73.90087,Van Cortlandt,Manhattan,2,264342,0.000756596
296,104,295,295,IRT,Broadway - 7Av,231 St,Bx,1,Elevated,40.878856,-73.904834,Van Cortlandt,Manhattan,,506395,
297,106,296,296,IRT,Broadway - 7Av,Marble Hill-225 St,M,1,Elevated,40.874561,-73.909831,The Bronx,Downtown,,282816,
298,107,297,297,IRT,Broadway - 7Av,215 St,M,1,Elevated,40.869444,-73.915279,The Bronx,Downtown,,140853,
299,108,298,298,IRT,Broadway - 7Av,207 St,M,1,Elevated,40.864621,-73.918822,The Bronx,Downtown,2,367597,0.000544074
300,109,299,299,IRT,Broadway - 7Av,Dyckman St,M,1,Elevated,40.860531,-73.925536,The Bronx,Downtown,40,419084,0.009544626
301,110,300,300,IRT,Broadway - 7Av,191 St,M,1,Subway,40.855225,-73.929412,The Bronx,Downtown,17,460426,0.003692233
302,111,301,301,IRT,Broadway - 7Av,181 St,M,1,Subway,40.849505,-73.933596,The Bronx,Downtown,9,625095,0.001439781
303,112,302,605,IRT,Broadway - 7Av,168 St-Washington Hts,M,1,Subway,40.840556,-73.940133,Uptown,Downtown,23,1331810,0.001726973
304,113,303,303,IRT,Broadway - 7Av,157 St,M,1,Subway,40.834041,-73.94489,Uptown,Downtown,29,610506,0.004750158
305,114,304,304,IRT,Broadway - 7Av,145 St,M,1,Subway,40.826551,-73.95036,Uptown,Downtown,43,554469,0.007755168
306,115,305,305,IRT,Broadway - 7Av,137 St-City College,M,1,Subway,40.822008,-73.953676,Uptown,Downtown,89,716656,0.01241879
307,116,306,306,IRT,Broadway - 7Av,125 St,M,1,Elevated,40.815581,-73.958372,Uptown,Downtown,33,542285,0.006085361
308,117,307,307,IRT,Broadway - 7Av,116 St-Columbia University,M,1,Subway,40.807722,-73.96411,Uptown,Downtown,,937977,
309,118,308,308,IRT,Broadway - 7Av,Cathedral Pkwy (110 St),M,1,Subway,40.803967,-73.966847,Uptown,Downtown,24,791581,0.003031907
310,119,309,309,IRT,Broadway - 7Av,103 St,M,1,Subway,40.799446,-73.968379,Uptown,Downtown,15,763582,0.001964426
311,120,310,310,IRT,Broadway - 7Av,96 St,M,1 2 3,Subway,40.793919,-73.972323,Uptown,Downtown,90,2264883,0.003973715
312,121,311,311,IRT,Broadway - 7Av,86 St,M,1,Subway,40.788644,-73.976218,Uptown,Downtown,4,1146859,0.000348779
313,122,312,312,IRT,Broadway - 7Av,79 St,M,1,Subway,40.783934,-73.979917,Uptown,Downtown,1,1036272,9.65E-05
314,123,313,313,IRT,Broadway - 7Av,72 St,M,1 2 3,Subway,40.778453,-73.98197,Uptown,Downtown,64,2626022,0.002437146
315,124,314,314,IRT,Broadway - 7Av,66 St-Lincoln Center,M,1,Subway,40.77344,-73.982209,Uptown,Downtown,18,1449251,0.001242021
316,125,315,614,IRT,Broadway - 7Av,59 St-Columbus Circle,M,1,Subway,40.768247,-73.981929,Uptown,Downtown,288,4642895,0.006203027
317,126,316,316,IRT,Broadway - 7Av,50 St,M,1,Subway,40.761728,-73.983849,Uptown,Downtown,41,1799807,0.002278022
318,127,317,611,IRT,Broadway - 7Av,Times Sq-42 St,M,1 2 3,Subway,40.75529,-73.987495,Uptown,Downtown,255,12334083,0.002067442
319,128,318,318,IRT,Broadway - 7Av,34 St-Penn Station,M,1 2 3,Subway,40.750373,-73.991057,Uptown,Downtown,248,4730936,0.005242092
320,129,319,319,IRT,Broadway - 7Av,28 St,M,1,Subway,40.747215,-73.993365,Uptown,Downtown,4,870150,0.000459691
321,130,320,320,IRT,Broadway - 7Av,23 St,M,1,Subway,40.744081,-73.995657,Uptown,Downtown,1,864604,0.00011566
322,131,321,321,IRT,Broadway - 7Av,18 St,M,1,Subway,40.74104,-73.997871,Uptown,Downtown,2,492892,0.000405768
323,132,322,601,IRT,Broadway - 7Av,14 St,M,1 2 3,Subway,40.737826,-74.000201,Uptown,Downtown,30,3055458,0.00098185
324,133,323,323,IRT,Broadway - 7Av,Christopher St-Stonewall,M,1,Subway,40.733422,-74.002906,Uptown,Downtown,32,877943,0.003644884
325,134,324,324,IRT,Broadway - 7Av,Houston St,M,1,Subway,40.728251,-74.005367,Uptown,Downtown,3,896292,0.000334712
326,135,325,325,IRT,Broadway - 7Av,Canal St,M,1,Subway,40.722854,-74.006277,Uptown,Downtown,4,351672,0.001137424
327,136,326,326,IRT,Broadway - 7Av,Franklin St,M,1,Subway,40.719318,-74.006886,Uptown,Downtown,2,403748,0.000495358
328,137,327,327,IRT,Broadway - 7Av,Chambers St,M,1 2 3,Subway,40.715478,-74.009266,Uptown,Downtown,17,1098459,0.001547623
329,138,328,328,IRT,Broadway - 7Av,WTC Cortlandt,M,1,Subway,40.711835,-74.012188,Uptown,Downtown,8,1219490,0.000656012
330,139,329,329,IRT,Broadway - 7Av,Rector St,M,1,Subway,40.707513,-74.013783,Uptown,Downtown,1,490054,0.000204059
331,142,330,635,IRT,Broadway - 7Av,South Ferry,M,1,Subway,40.702068,-74.013664,Uptown,Last Stop,27,1751432,0.001541596
332,228,331,624,IRT,Clark St,Park Place,M,2 3,Subway,40.713051,-74.008811,Uptown,Brooklyn,6,3630182,0.000165281
333,229,332,628,IRT,Clark St,Fulton St,M,2 3,Subway,40.709416,-74.006571,Uptown,Brooklyn,21,5259603,0.00039927
334,230,333,333,IRT,Clark St,Wall St,M,2 3,Subway,40.706821,-74.0091,Uptown,Brooklyn,1,1108430,9.02E-05
335,231,334,334,IRT,Clark St,Clark St,Bk,2 3,Subway,40.697466,-73.993086,Manhattan,Outbound,,423271,
336,232,335,620,IRT,Clark St,Borough Hall,Bk,2 3,Subway,40.693219,-73.989998,Manhattan,Outbound,11,1620095,0.000678973
337,233,336,336,IRT,Eastern Pky,Hoyt St,Bk,2 3,Subway,40.690545,-73.985065,Manhattan,Outbound,21,347199,0.006048405
338,234,337,337,IRT,Eastern Pky,Nevins St,Bk,2 3 4 5,Subway,40.688246,-73.980492,Manhattan,Outbound,27,581746,0.004641201
339,235,338,617,IRT,Eastern Pky,Atlantic Av-Barclays Ctr,Bk,2 3 4 5,Subway,40.684359,-73.977666,Manhattan,Outbound,508,2883126,0.017619764
340,236,339,339,IRT,Eastern Pky,Bergen St,Bk,2 3,Subway,40.680829,-73.975098,Manhattan,Outbound,3,248905,0.001205279
341,237,340,340,IRT,Eastern Pky,Grand Army Plaza,Bk,2 3,Subway,40.675235,-73.971046,Manhattan,Outbound,12,412217,0.002911088
342,238,341,341,IRT,Eastern Pky,Eastern Pkwy-Brooklyn Museum,Bk,2 3,Subway,40.671987,-73.964375,Manhattan,Outbound,9,287044,0.003135408
343,239,342,626,IRT,Eastern Pky,Franklin Av-Medgar Evers College,Bk,2 3 4 5,Subway,40.670682,-73.958131,Manhattan,Outbound,72,954138,0.007546078
344,248,343,343,IRT,Eastern Pky,Nostrand Av,Bk,3,Subway,40.669847,-73.950466,Manhattan,Outbound,17,203674,0.008346671
345,249,344,344,IRT,Eastern Pky,Kingston Av,Bk,3,Subway,40.669399,-73.942161,Manhattan,Outbound,14,260977,0.005364458
346,250,345,345,IRT,Eastern Pky,Crown Hts-Utica Av,Bk,3 4,Subway,40.668897,-73.932942,Manhattan,Outbound,92,1323376,0.006951917
347,251,346,346,IRT,Eastern Pky,Sutter Av-Rutland Rd,Bk,3,Elevated,40.664717,-73.92261,Manhattan,New Lots,20,347511,0.005755214
348,252,347,347,IRT,Eastern Pky,Saratoga Av,Bk,3,Elevated,40.661453,-73.916327,Manhattan,New Lots,2,271523,0.000736586
349,253,348,348,IRT,Eastern Pky,Rockaway Av,Bk,3,Elevated,40.662549,-73.908946,Manhattan,New Lots,4,250395,0.001597476
350,254,349,349,IRT,Eastern Pky,Junius St,Bk,3,Elevated,40.663515,-73.902447,Manhattan,New Lots,46,141126,0.032594986
351,255,350,350,IRT,Eastern Pky,Pennsylvania Av,Bk,3,Elevated,40.664635,-73.894895,Manhattan,New Lots,12,204939,0.005855401
352,256,351,351,IRT,Eastern Pky,Van Siclen Av,Bk,3,Elevated,40.665449,-73.889395,Manhattan,New Lots,14,128875,0.01086324
353,257,352,352,IRT,Eastern Pky,New Lots Av,Bk,3,Elevated,40.666235,-73.884079,Manhattan,Last Stop,75,293407,0.025561763
354,241,353,353,IRT,Nostrand,President St-Medgar Evers College,Bk,2 5,Subway,40.667883,-73.950683,Manhattan,Flatbush,3,209325,0.001433178
355,242,354,354,IRT,Nostrand,Sterling St,Bk,2 5,Subway,40.662742,-73.95085,Manhattan,Flatbush,7,333792,0.002097114
356,243,355,355,IRT,Nostrand,Winthrop St,Bk,2 5,Subway,40.656652,-73.9502,Manhattan,Flatbush,25,461198,0.005420665
357,244,356,356,IRT,Nostrand,Church Av,Bk,2 5,Subway,40.650843,-73.949575,Manhattan,Flatbush,107,552941,0.019351071
358,245,357,357,IRT,Nostrand,Beverly Rd,Bk,2 5,Subway,40.645098,-73.948959,Manhattan,Flatbush,10,277761,0.003600217
359,246,358,358,IRT,Nostrand,Newkirk Av-Little Haiti,Bk,2 5,Subway,40.639967,-73.948411,Manhattan,Flatbush,34,415268,0.008187484
360,247,359,359,IRT,Nostrand,Flatbush Av-Brooklyn College,Bk,2 5,Subway,40.632836,-73.947642,Manhattan,Last Stop,81,1068892,0.00757794
361,601,360,360,IRT,Pelham,Pelham Bay Park,Bx,6,Elevated,40.852462,-73.828121,Last Stop,Manhattan,1,313481,0.000318999
362,602,361,361,IRT,Pelham,Buhre Av,Bx,6,Elevated,40.84681,-73.832569,Pelham Bay,Manhattan,3,189047,0.001586907
363,603,362,362,IRT,Pelham,Middletown Rd,Bx,6,Elevated,40.843863,-73.836322,Pelham Bay,Manhattan,,104730,
364,604,363,363,IRT,Pelham,Westchester Sq-E Tremont Av,Bx,6,Elevated,40.839892,-73.842952,Pelham Bay,Manhattan,18,240483,0.007484937
365,606,364,364,IRT,Pelham,Zerega Av,Bx,6,Elevated,40.836488,-73.847036,Pelham Bay,Manhattan,27,120243,0.02245453
366,607,365,365,IRT,Pelham,Castle Hill Av,Bx,6,Elevated,40.834255,-73.851222,Pelham Bay,Manhattan,26,309686,0.008395601
367,608,366,366,IRT,Pelham,Parkchester,Bx,6,Elevated,40.833226,-73.860816,Northbound,Manhattan,50,767728,0.006512723
368,609,367,367,IRT,Pelham,St Lawrence Av,Bx,6,Elevated,40.831509,-73.867618,Northbound,Manhattan,26,231995,0.011207138
369,610,368,368,IRT,Pelham,Morrison Av-Soundview,Bx,6,Elevated,40.829521,-73.874516,Northbound,Manhattan,47,352054,0.013350225
370,611,369,369,IRT,Pelham,Elder Av,Bx,6,Elevated,40.828584,-73.879159,Northbound,Manhattan,61,367430,0.016601801
371,612,370,370,IRT,Pelham,Whitlock Av,Bx,6,Elevated,40.826525,-73.886283,Northbound,Manhattan,13,97253,0.013367197
372,613,371,371,IRT,Pelham,Hunts Point Av,Bx,6,Subway,40.820948,-73.890549,Northbound,Manhattan,259,573735,0.045142792
373,614,372,372,IRT,Pelham,Longwood Av,Bx,6,Subway,40.816104,-73.896435,Northbound,Manhattan,17,157544,0.010790636
374,615,373,373,IRT,Pelham,E 149 St,Bx,6,Subway,40.812118,-73.904098,Northbound,Manhattan,77,242097,0.031805433
375,616,374,374,IRT,Pelham,E 143 St-St Mary's St,Bx,6,Subway,40.808719,-73.907657,Northbound,Manhattan,32,108670,0.02944695
376,617,375,375,IRT,Pelham,Cypress Av,Bx,6,Subway,40.805368,-73.914042,Northbound,Manhattan,18,150607,0.011951636
377,618,376,376,IRT,Pelham,Brook Av,Bx,6,Subway,40.807566,-73.91924,Northbound,Manhattan,73,275099,0.026535902
378,619,377,377,IRT,Pelham,3 Av-138 St,Bx,6,Subway,40.810476,-73.926138,Northbound,Manhattan,28,467808,0.005985362
379,401,378,378,IRT,Jerome Av,Woodlawn,Bx,4,Elevated,40.886037,-73.878751,Last Stop,Manhattan,48,365536,0.013131402
380,402,379,379,IRT,Jerome Av,Mosholu Pkwy,Bx,4,Elevated,40.87975,-73.884655,Woodlawn,Manhattan,10,402512,0.002484398
381,405,380,380,IRT,Jerome Av,Bedford Park Blvd-Lehman College,Bx,4,Elevated,40.873412,-73.890064,Northbound,Manhattan,10,300272,0.003330314
382,406,381,381,IRT,Jerome Av,Kingsbridge Rd,Bx,4,Elevated,40.86776,-73.897174,Northbound,Manhattan,45,493724,0.009114404
383,407,382,382,IRT,Jerome Av,Fordham Rd,Bx,4,Elevated,40.862803,-73.901034,Northbound,Manhattan,63,535955,0.011754719
384,408,383,383,IRT,Jerome Av,183 St,Bx,4,Elevated,40.858407,-73.903879,Northbound,Manhattan,79,301610,0.026192766
385,409,384,384,IRT,Jerome Av,Burnside Av,Bx,4,Elevated,40.853453,-73.907684,Northbound,Manhattan,137,501006,0.027344981
386,410,385,385,IRT,Jerome Av,176 St,Bx,4,Elevated,40.84848,-73.911794,Northbound,Manhattan,14,313263,0.004469088
387,411,386,386,IRT,Jerome Av,Mt Eden Av,Bx,4,Elevated,40.844434,-73.914685,Northbound,Manhattan,10,253500,0.003944773
388,412,387,387,IRT,Jerome Av,170 St,Bx,4,Elevated,40.840075,-73.917791,Northbound,Manhattan,182,405437,0.044889834
389,413,388,388,IRT,Jerome Av,167 St,Bx,4,Elevated,40.835537,-73.9214,Northbound,Manhattan,5,500869,0.000998265
390,414,389,604,IRT,Jerome Av,161 St-Yankee Stadium,Bx,4,Elevated,40.827994,-73.925831,Northbound,Manhattan,131,1212888,0.010800667
391,415,390,603,IRT,Jerome Av,149 St-Grand Concourse,Bx,4,Subway,40.818375,-73.927351,Northbound,Manhattan,212,660401,0.032101709
392,416,391,391,IRT,Jerome Av,138 St-Grand Concourse,Bx,4 5,Subway,40.813224,-73.929849,Northbound,Manhattan,35,238824,0.014655144
393,621,392,392,IRT,Lexington Av,125 St,M,4 5 6,Subway,40.804138,-73.937594,The Bronx,Downtown,177,1439450,0.012296363
394,622,393,393,IRT,Lexington Av,116 St,M,6,Subway,40.798629,-73.941617,The Bronx,Downtown,38,775619,0.004899313
395,623,394,394,IRT,Lexington Av,110 St,M,6,Subway,40.79502,-73.94425,The Bronx,Downtown,27,589011,0.004583955
396,624,395,395,IRT,Lexington Av,103 St,M,6,Subway,40.7906,-73.947478,The Bronx,Downtown,25,751222,0.003327911
397,625,396,396,IRT,Lexington Av,96 St,M,6,Subway,40.785672,-73.95107,The Bronx,Downtown,13,1032193,0.001259454
398,626,397,397,IRT,Lexington Av,86 St,M,4 5 6,Subway,40.779492,-73.955589,Uptown,Downtown,122,2863650,0.004260297
399,627,398,398,IRT,Lexington Av,77 St,M,6,Subway,40.77362,-73.959874,Uptown,Downtown,54,1722042,0.003135812
400,628,399,399,IRT,Lexington Av,68 St-Hunter College,M,6,Subway,40.768141,-73.96387,Uptown,Downtown,153,1482431,0.010320885
401,629,400,613,IRT,Lexington Av,59 St,M,4 5 6,Subway,40.762526,-73.967967,Uptown,Downtown,100,3150508,0.003174091
402,630,401,612,IRT,Lexington Av,51 St,M,6,Subway,40.757107,-73.97192,Uptown,Downtown,108,3503109,0.003082976
403,631,402,610,IRT,Lexington Av,Grand Central-42 St,M,4 5 6,Subway,40.751776,-73.976848,Uptown,Downtown,424,9444328,0.004489467
404,632,403,403,IRT,Lexington Av,33 St,M,6,Subway,40.746081,-73.982076,Uptown,Downtown,109,1649685,0.006607322
405,633,404,404,IRT,Lexington Av,28 St,M,6,Subway,40.74307,-73.984264,Uptown,Downtown,285,1201164,0.023726985
406,634,405,405,IRT,Lexington Av,23 St-Baruch College,M,6,Subway,40.739864,-73.986599,Uptown,Downtown,,1600304,
407,635,406,602,IRT,Lexington Av,14 St-Union Sq,M,4 5 6,Subway,40.734673,-73.989951,Uptown,Downtown,835,6509076,0.012828242
408,636,407,407,IRT,Lexington Av,Astor Pl,M,6,Subway,40.730054,-73.99107,Uptown,Downtown,22,1039705,0.002115985
409,637,408,619,IRT,Lexington Av,Bleecker St,M,6,Subway,40.725915,-73.994659,Uptown,Downtown,81,2838001,0.002854122
410,638,409,409,IRT,Lexington Av,Spring St,M,6,Subway,40.722301,-73.997141,Uptown,Downtown,4,908416,0.000440327
411,639,410,623,IRT,Lexington Av,Canal St,M,6,Subway,40.718803,-74.000193,Uptown,Downtown,87,3195443,0.002722627
412,640,411,622,IRT,Lexington Av,Brooklyn Bridge-City Hall,M,4 5 6,Subway,40.713065,-74.004131,Uptown,Downtown,4,1590176,0.000251544
413,418,412,628,IRT,Lexington Av,Fulton St,M,4 5,Subway,40.710368,-74.009509,Uptown,Downtown,137,5259603,0.002604759
414,419,413,413,IRT,Lexington Av,Wall St,M,4 5,Subway,40.707557,-74.011862,Uptown,Downtown,4,980127,0.00040811
415,420,414,414,IRT,Lexington Av,Bowling Green,M,4 5,Subway,40.704817,-74.014065,Uptown,Downtown,1,1305482,7.66E-05
416,423,415,620,IRT,Eastern Pky,Borough Hall,Bk,4 5,Subway,40.692404,-73.990151,Manhattan,Outbound,11,1620095,0.000678973
417,201,416,416,IRT,Lenox - White Plains Rd,Wakefield-241 St,Bx,2,Elevated,40.903125,-73.85062,Last Stop,Manhattan,16,219297,0.007296042
418,204,417,417,IRT,Lenox - White Plains Rd,Nereid Av,Bx,2 5,Elevated,40.898379,-73.854376,Northbound,Manhattan,9,141527,0.006359211
419,205,418,418,IRT,Lenox - White Plains Rd,233 St,Bx,2 5,Elevated,40.893193,-73.857473,Northbound,Manhattan,1,188841,0.000529546
420,206,419,419,IRT,Lenox - White Plains Rd,225 St,Bx,2 5,Elevated,40.888022,-73.860341,Northbound,Manhattan,1,150169,0.000665916
421,207,420,420,IRT,Lenox - White Plains Rd,219 St,Bx,2 5,Elevated,40.883895,-73.862633,Northbound,Manhattan,5,141712,0.003528283
422,208,421,421,IRT,Lenox - White Plains Rd,Gun Hill Rd,Bx,2 5,Elevated,40.87785,-73.866256,Northbound,Manhattan,83,306833,0.027050545
423,209,422,422,IRT,Lenox - White Plains Rd,Burke Av,Bx,2 5,Elevated,40.871356,-73.867164,Northbound,Manhattan,3,131555,0.002280415
424,210,423,423,IRT,Lenox - White Plains Rd,Allerton Av,Bx,2 5,Elevated,40.865462,-73.867352,Northbound,Manhattan,9,216626,0.004154626
425,211,424,424,IRT,Lenox - White Plains Rd,Pelham Pkwy,Bx,2 5,Elevated,40.857192,-73.867615,Northbound,Manhattan,23,370849,0.006201985
426,212,425,425,IRT,Lenox - White Plains Rd,Bronx Park East,Bx,2 5,Elevated,40.848828,-73.868457,Northbound,Manhattan,33,125929,0.026205244
427,213,426,426,IRT,Lenox - White Plains Rd,E 180 St,Bx,2 5,Elevated,40.841894,-73.873488,Northbound,Manhattan,151,469057,0.032192249
428,214,427,427,IRT,Lenox - White Plains Rd,West Farms Sq-E Tremont Av,Bx,2 5,Elevated,40.840295,-73.880049,Northbound,Manhattan,27,313909,0.008601218
429,215,428,428,IRT,Lenox - White Plains Rd,174 St,Bx,2 5,Elevated,40.837288,-73.887734,Northbound,Manhattan,44,337790,0.013025844
430,216,429,429,IRT,Lenox - White Plains Rd,Freeman St,Bx,2 5,Elevated,40.829993,-73.891865,Northbound,Manhattan,7,231220,0.00302742
431,217,430,430,IRT,Lenox - White Plains Rd,Simpson St,Bx,2 5,Elevated,40.824073,-73.893064,Northbound,Manhattan,65,399559,0.016267935
432,218,431,431,IRT,Lenox - White Plains Rd,Intervale Av,Bx,2 5,Elevated,40.822181,-73.896736,Northbound,Manhattan,6,179694,0.00333901
433,219,432,432,IRT,Lenox - White Plains Rd,Prospect Av,Bx,2 5,Elevated,40.819585,-73.90177,Northbound,Manhattan,74,341243,0.021685427
434,220,433,433,IRT,Lenox - White Plains Rd,Jackson Av,Bx,2 5,Elevated,40.81649,-73.907807,Northbound,Manhattan,44,294726,0.01492912
435,221,434,434,IRT,Lenox - White Plains Rd,3 Av-149 St,Bx,2 5,Subway,40.816109,-73.917757,Northbound,Manhattan,283,1119578,0.025277382
436,222,435,603,IRT,Lenox - White Plains Rd,149 St-Grand Concourse,Bx,2 5,Subway,40.81841,-73.926718,Northbound,Manhattan,1,660401,0.000151423
437,301,436,436,IRT,Lenox - White Plains Rd,Harlem-148 St,M,3,Subway,40.82388,-73.93647,Last Stop,Downtown,5,168247,0.002971821
438,302,437,437,IRT,Lenox - White Plains Rd,145 St,M,3,Subway,40.820421,-73.936245,Harlem,Downtown,19,172944,0.010986215
439,224,438,438,IRT,Lenox - White Plains Rd,135 St,M,2 3,Subway,40.814229,-73.94077,Uptown,Downtown,149,667198,0.022332201
440,225,439,439,IRT,Lenox - White Plains Rd,125 St,M,2 3,Subway,40.807754,-73.945495,Uptown,Downtown,119,887542,0.013407816
441,226,440,440,IRT,Lenox - White Plains Rd,116 St,M,2 3,Subway,40.802098,-73.949625,Uptown,Downtown,94,577867,0.016266719
442,227,441,441,IRT,Lenox - White Plains Rd,110 St-Malcolm X Plaza,M,2 3,Subway,40.799075,-73.951822,Uptown,Downtown,161,455331,0.035358895
443,501,442,442,IRT,Dyre Av,Eastchester-Dyre Av,Bx,5,At Grade,40.8883,-73.830834,Last Stop,Manhattan,2,215639,0.000927476
444,502,443,443,IRT,Dyre Av,Baychester Av,Bx,5,Open Cut,40.878663,-73.838591,Eastchester,Manhattan,1,139936,0.000714612
445,503,444,444,IRT,Dyre Av,Gun Hill Rd,Bx,5,Open Cut,40.869526,-73.846384,Eastchester,Manhattan,11,208189,0.005283661
446,504,445,445,IRT,Dyre Av,Pelham Pkwy,Bx,5,Open Cut,40.858985,-73.855359,Eastchester,Manhattan,5,159274,0.003139244
447,505,446,446,IRT,Dyre Av,Morris Park,Bx,5,Open Cut,40.854364,-73.860495,Eastchester,Manhattan,,143452,
448,701,447,447,IRT,Flushing,Flushing-Main St,Q,7,Subway,40.7596,-73.83003,Last Stop,Manhattan,201,3365985,0.005971506
449,702,448,448,IRT,Flushing,Mets-Willets Point,Q,7,Elevated,40.754622,-73.845625,Outbound,Manhattan,15,467656,0.003207486
450,705,449,449,IRT,Flushing,111 St,Q,7,Elevated,40.75173,-73.855334,Outbound,Manhattan,22,921540,0.002387308
451,706,450,450,IRT,Flushing,103 St-Corona Plaza,Q,7,Elevated,40.749865,-73.8627,Outbound,Manhattan,8,1250829,0.000639576
452,707,451,451,IRT,Flushing,Junction Blvd,Q,7,Elevated,40.749145,-73.869527,Outbound,Manhattan,15,1662630,0.000902185
453,708,452,452,IRT,Flushing,90 St-Elmhurst Av,Q,7,Elevated,40.748408,-73.876613,Outbound,Manhattan,9,1135483,0.000792614
454,709,453,453,IRT,Flushing,82 St-Jackson Hts,Q,7,Elevated,40.747659,-73.883697,Outbound,Manhattan,12,940844,0.001275451
455,710,454,616,IRT,Flushing,74 St-Broadway,Q,7,Elevated,40.746848,-73.891394,Outbound,Manhattan,44,3758544,0.001170666
456,711,455,455,IRT,Flushing,69 St,Q,7,Elevated,40.746325,-73.896403,Outbound,Manhattan,9,178277,0.005048324
457,712,456,456,IRT,Flushing,61 St-Woodside,Q,7,Elevated,40.74563,-73.902984,Outbound,Manhattan,,1072152,
458,713,457,457,IRT,Flushing,52 St,Q,7,Elevated,40.744149,-73.912549,Outbound,Manhattan,,192696,
459,714,458,458,IRT,Flushing,46 St-Bliss St,Q,7,Elevated,40.743132,-73.918435,Outbound,Manhattan,42,911457,0.004608007
460,715,459,459,IRT,Flushing,40 St-Lowery St,Q,7,Elevated,40.743781,-73.924016,Outbound,Manhattan,14,632744,0.002212585
461,716,460,460,IRT,Flushing,33 St-Rawson St,Q,7,Elevated,40.744587,-73.930997,Outbound,Manhattan,3,582787,0.000514768
462,R09,461,461,BMT,Astoria,Queensboro Plaza,Q,N W,Elevated,40.750582,-73.940202,Astoria,Manhattan,,891867,
463,718,461,461,IRT,Flushing,Queensboro Plaza,Q,7,Elevated,40.750582,-73.940202,Outbound,Manhattan,9,891867,0.001009119
464,719,462,606,IRT,Flushing,Court Sq,Q,7,Elevated,40.747023,-73.945264,Outbound,Manhattan,1,1651587,6.05E-05
465,720,463,463,IRT,Flushing,Hunters Point Av,Q,7,Subway,40.742216,-73.948916,Outbound,Manhattan,7,251973,0.002778075
466,721,464,464,IRT,Flushing,Vernon Blvd-Jackson Av,Q,7,Subway,40.742626,-73.953581,Outbound,Manhattan,5,1118483,0.000447034
467,723,465,610,IRT,Flushing,Grand Central-42 St,M,7,Subway,40.751431,-73.976041,Queens,Hudson Yards,28,9444328,0.000296474
468,724,466,609,IRT,Flushing,5 Av,M,7,Subway,40.753821,-73.981963,Queens,Hudson Yards,11,3647401,0.000301585
469,725,467,611,IRT,Flushing,Times Sq-42 St,M,7,Subway,40.755477,-73.987691,Queens,Hudson Yards,20,12334083,0.000162152
470,902,468,611,IRT,Lexington - Shuttle,Times Sq-42 St,M,S,Subway,40.755983,-73.986229,Last Stop,Grand Central,97,12334083,0.000786439
471,901,469,610,IRT,Lexington - Shuttle,Grand Central-42 St,M,S,Subway,40.752769,-73.979189,Times Square,Last Stop,351,9444328,0.003716516
472,726,471,471,IRT,Flushing,34 St-Hudson Yards,M,7,Subway,40.755882,-74.00191,Last Stop,Queens,20,1862125,0.001074042
473,Q05,475,475,IND,Second Av,96 St,M,Q,Subway,40.784318,-73.947152,Last Stop,Downtown,16,1144290,0.001398247
474,Q04,476,476,IND,Second Av,86 St,M,Q,Subway,40.777891,-73.951787,Uptown,Downtown,27,1633896,0.001652492
475,Q03,477,477,IND,Second Av,72 St,M,Q,Subway,40.768799,-73.958424,Uptown,Downtown,39,1912986,0.002038698
476,S31,501,501,SIR,Staten Island,St George,SI,SIR,Open Cut,40.643748,-74.073643,Last Stop,South Shore,,,
477,S30,502,502,SIR,Staten Island,Tompkinsville,SI,SIR,At Grade,40.636949,-74.074835,Ferry,South Shore,,,
478,S29,503,503,SIR,Staten Island,Stapleton,SI,SIR,Elevated,40.627915,-74.075162,Ferry,South Shore,,,
479,S28,504,504,SIR,Staten Island,Clifton,SI,SIR,Elevated,40.621319,-74.071402,Ferry,South Shore,,,
480,S27,505,505,SIR,Staten Island,Grasmere,SI,SIR,Open Cut,40.603117,-74.084087,Ferry,South Shore,,,
481,S26,506,506,SIR,Staten Island,Old Town,SI,SIR,Embankment,40.596612,-74.087368,Ferry,South Shore,,,
482,S25,507,507,SIR,Staten Island,Dongan Hills,SI,SIR,Embankment,40.588849,-74.09609,Ferry,South Shore,,,
483,S24,508,508,SIR,Staten Island,Jefferson Av,SI,SIR,Embankment,40.583591,-74.103338,Ferry,South Shore,,,
484,S23,509,509,SIR,Staten Island,Grant City,SI,SIR,Open Cut,40.578965,-74.109704,Ferry,South Shore,,,
485,S22,510,510,SIR,Staten Island,New Dorp,SI,SIR,Open Cut,40.57348,-74.11721,Ferry,South Shore,,,
486,S21,511,511,SIR,Staten Island,Oakwood Heights,SI,SIR,Open Cut,40.56511,-74.12632,Ferry,South Shore,,,
487,S20,512,512,SIR,Staten Island,Bay Terrace,SI,SIR,Embankment,40.5564,-74.136907,Ferry,South Shore,,,
488,S19,513,513,SIR,Staten Island,Great Kills,SI,SIR,Open Cut,40.551231,-74.151399,Ferry,South Shore,,,
489,S18,514,514,SIR,Staten Island,Eltingville,SI,SIR,Embankment,40.544601,-74.16457,Ferry,South Shore,,,
490,S17,515,515,SIR,Staten Island,Annadale,SI,SIR,Open Cut,40.54046,-74.178217,Ferry,South Shore,,,
491,S16,516,516,SIR,Staten Island,Huguenot,SI,SIR,Open Cut,40.533674,-74.191794,Ferry,South Shore,,,
492,S15,517,517,SIR,Staten Island,Prince's Bay,SI,SIR,Open Cut,40.525507,-74.200064,Ferry,South Shore,,,
493,S14,518,518,SIR,Staten Island,Pleasant Plains,SI,SIR,Embankment,40.52241,-74.217847,Ferry,South Shore,,,
494,S13,519,519,SIR,Staten Island,Richmond Valley,SI,SIR,Open Cut,40.519631,-74.229141,Ferry,Tottenville,,,
495,S09,522,522,SIR,Staten Island,Tottenville,SI,SIR,At Grade,40.512764,-74.251961,Ferry,Last Stop,,,
496,S11,523,523,SIR,Staten Island,Arthur Kill,SI,SIR,At Grade,40.516578,-74.242096,Ferry,Tottenville,,,
